"","Site1","Site2","SPDistance","scale","estimator","relatedness"
"1","AVE","AVE",0,"broad","rxy",0.00246491446421211
"2","AVE","BER",86.87749059,"broad","rxy",-0.0130785843405219
"3","AVE","CIESN",432.1654782,"broad","rxy",-0.00716124290615652
"4","AVE","CIESS",428.6041424,"broad","rxy",-0.00270097211745625
"5","AVE","COR",460.3267746,"broad","rxy",-0.00421956326111518
"6","AVE","COUSO",439.2881763,"broad","rxy",-0.00434670632708317
"7","AVE","ERI",44.3253858,"broad","rxy",-0.00990861460810114
"8","AVE","ESPO",361.1973532,"broad","rxy",0.000943083900153917
"9","AVE","FIG",204.2569431,"broad","rxy",-0.00251989622659688
"10","AVE","GROVE",457.0950764,"broad","rxy",-0.00546609152049218
"11","AVE","ONS",449.9722897,"broad","rxy",-0.00478393509652873
"12","AVE","SALV",453.3588392,"broad","rxy",0.00316736091458321
"13","AVE","SES",36.73691232,"broad","rxy",-0.00345514456493286
"14","AVE","SIL",417.9201876,"broad","rxy",-0.0064223555048589
"15","AVE","SIN",117.9564016,"broad","rxy",0.00524562253355483
"16","AVE","VP",375.4308387,"broad","rxy",-0.00501866761792819
"17","BER","BER",0,"broad","rxy",-0.0190673245324826
"18","BER","CIESN",345.2879877,"broad","rxy",-0.00490627971908044
"19","BER","CIESS",341.7266518,"broad","rxy",-0.00575775806966414
"20","BER","COR",373.449284,"broad","rxy",-0.0107851370071933
"21","BER","COUSO",352.4106857,"broad","rxy",-0.0130063060330267
"22","BER","ERI",50.5487865,"broad","rxy",-0.0103592358985751
"23","BER","ESPO",274.3198626,"broad","rxy",-0.0105791975703109
"24","BER","FIG",117.3794526,"broad","rxy",-0.00695436918532762
"25","BER","GROVE",370.2175858,"broad","rxy",-0.0115175170724467
"26","BER","ONS",363.0947991,"broad","rxy",-0.00915648859059754
"27","BER","SALV",366.4813486,"broad","rxy",-0.00431263183274683
"28","BER","SES",123.6144029,"broad","rxy",-0.00762273708210187
"29","BER","SIL",331.0426971,"broad","rxy",-0.0124710498397068
"30","BER","SIN",204.8338922,"broad","rxy",-0.00697562415350415
"31","BER","VP",288.5533481,"broad","rxy",-0.00806417404165931
"32","CIESN","CIESN",0,"broad","rxy",-0.00096150811479667
"33","CIESN","CIESS",3.584041834,"broad","rxy",0.00210665852896368
"34","CIESN","COR",43.25984251,"broad","rxy",-0.00470610579394264
"35","CIESN","COUSO",7.168144374,"broad","rxy",-0.00360762907130335
"36","CIESN","ERI",388.099881,"broad","rxy",-0.00860353027280041
"37","CIESN","ESPO",79.01390842,"broad","rxy",-0.00386651269474758
"38","CIESN","FIG",229.338007,"broad","rxy",0.00224711632630593
"39","CIESN","GROVE",25.08885954,"broad","rxy",-0.00614749813437924
"40","CIESN","ONS",17.92051274,"broad","rxy",0.000595063889394527
"41","CIESN","SALV",28.80515423,"broad","rxy",0.00276806384965753
"42","CIESN","SES",468.9023906,"broad","rxy",-0.000380272551320262
"43","CIESN","SIL",14.33604595,"broad","rxy",-0.00177601150033521
"44","CIESN","SIN",550.1218798,"broad","rxy",-0.000312747924583398
"45","CIESN","VP",64.67923659,"broad","rxy",-0.00383186700983834
"46","CIESS","CIESS",0,"broad","rxy",0.00459236237389417
"47","CIESS","COR",46.84388434,"broad","rxy",-0.000582386363353007
"48","CIESS","COUSO",10.75218621,"broad","rxy",0.00163495535488059
"49","CIESS","ERI",384.5357119,"broad","rxy",-0.00446198471668561
"50","CIESS","ESPO",75.42986659,"broad","rxy",0.00373176578995836
"51","CIESS","FIG",225.7539651,"broad","rxy",0.00487897915299581
"52","CIESS","GROVE",28.67290137,"broad","rxy",-0.00582746656229791
"53","CIESS","ONS",21.50455457,"broad","rxy",0.00126241356058206
"54","CIESS","SALV",32.38919606,"broad","rxy",0.0081920821919041
"55","CIESS","SES",465.3410548,"broad","rxy",0.00171038989956306
"56","CIESS","SIL",10.75200412,"broad","rxy",0.00105756453817269
"57","CIESS","SIN",546.560544,"broad","rxy",0.00683130380875746
"58","CIESS","VP",61.09519476,"broad","rxy",0.00104263718628927
"59","COR","COR",0,"broad","rxy",-0.0018267753084491
"60","COR","COUSO",36.09169814,"broad","rxy",-0.00377198655653275
"61","COR","ERI",416.2952876,"broad","rxy",-0.00895945730604428
"62","COR","ESPO",122.2737509,"broad","rxy",0.00175161780354114
"63","COR","FIG",272.5978495,"broad","rxy",-0.000630156962057114
"64","COR","GROVE",18.17098297,"broad","rxy",-0.000237382060020356
"65","COR","ONS",25.33932977,"broad","rxy",-0.00258276084400948
"66","COR","SALV",14.46039884,"broad","rxy",0.00353797323582997
"67","COR","SES",497.0636869,"broad","rxy",0.00126791371177876
"68","COR","SIL",57.59588846,"broad","rxy",-0.00297458516574221
"69","COR","SIN",578.2831761,"broad","rxy",0.00249911275997783
"70","COR","VP",107.9390791,"broad","rxy",-0.00249122237117736
"71","COUSO","COUSO",0,"broad","rxy",-0.00414164888686274
"72","COUSO","ERI",395.2282498,"broad","rxy",-0.00937228866119846
"73","COUSO","ESPO",86.1820528,"broad","rxy",0.000425544928171355
"74","COUSO","FIG",236.5061513,"broad","rxy",-0.000388443644120571
"75","COUSO","GROVE",17.92071516,"broad","rxy",-0.00435790885543248
"76","COUSO","ONS",10.75236836,"broad","rxy",-0.00193093416917043
"77","COUSO","SALV",21.63700985,"broad","rxy",-5.28628570311149e-05
"78","COUSO","SES",476.0250886,"broad","rxy",-0.00102056942047308
"79","COUSO","SIL",21.50419033,"broad","rxy",-0.0015916865909316
"80","COUSO","SIN",557.2445778,"broad","rxy",-0.00153016211264825
"81","COUSO","VP",71.84738097,"broad","rxy",-0.00206668167571955
"82","ERI","ERI",0,"broad","rxy",-0.00892082893268988
"83","ERI","ESPO",317.0697597,"broad","rxy",-0.00230365253483691
"84","ERI","FIG",160.012996,"broad","rxy",-0.00487087350816132
"85","ERI","GROVE",413.0493519,"broad","rxy",-0.00783369140596756
"86","ERI","ONS",405.9208801,"broad","rxy",-0.00746238109050384
"87","ERI","SALV",409.3159594,"broad","rxy",-0.00291235491336315
"88","ERI","SES",81.06229812,"broad","rxy",-0.00599258927548534
"89","ERI","SIL",373.843266,"broad","rxy",-0.00843633368598175
"90","ERI","SIN",162.2817874,"broad","rxy",-0.0018921814029505
"91","ERI","VP",331.3144646,"broad","rxy",-0.00271123966390389
"92","ESPO","ESPO",0,"broad","rxy",0.00223485648689911
"93","ESPO","FIG",157.8730176,"broad","rxy",0.00228948683020506
"94","ESPO","GROVE",104.102768,"broad","rxy",-0.00231422769860811
"95","ESPO","ONS",96.93442116,"broad","rxy",-0.000441280924925905
"96","ESPO","SALV",107.8190626,"broad","rxy",0.00905194904490318
"97","ESPO","SES",397.9342655,"broad","rxy",-0.000504778391905025
"98","ESPO","SIL",64.67786247,"broad","rxy",0.000527628987128217
"99","ESPO","SIN",479.1537548,"broad","rxy",0.00140028214727446
"100","ESPO","VP",14.33467183,"broad","rxy",0.000455771824128184
"101","FIG","FIG",0,"broad","rxy",9.43355129458339e-05
"102","FIG","GROVE",254.4268665,"broad","rxy",-0.000175112518788535
"103","FIG","ONS",247.2585197,"broad","rxy",0.000737103866757332
"104","FIG","SALV",258.1431612,"broad","rxy",0.00762744748328773
"105","FIG","SES",240.9938555,"broad","rxy",0.00234600021104175
"106","FIG","SIL",215.001961,"broad","rxy",-0.00281121309301584
"107","FIG","SIN",322.2133447,"broad","rxy",0.00212510518148513
"108","FIG","VP",172.1964231,"broad","rxy",0.00162130670725692
"109","GROVE","GROVE",0,"broad","rxy",-0.00558521960292121
"110","GROVE","ONS",7.168346802,"broad","rxy",-0.00194679334438985
"111","GROVE","SALV",6.358447487,"broad","rxy",0.00367207932118083
"112","GROVE","SES",493.8319887,"broad","rxy",-0.000222684800484038
"113","GROVE","SIL",39.42490549,"broad","rxy",-0.00196528178968344
"114","GROVE","SIN",575.0514779,"broad","rxy",-0.00113596872410157
"115","GROVE","VP",89.76809613,"broad","rxy",-1.39715419669634e-05
"116","ONS","ONS",0,"broad","rxy",0.00107804257596529
"117","ONS","SALV",10.88464149,"broad","rxy",0.00236586197175807
"118","ONS","SES",486.709202,"broad","rxy",-0.00125834568886238
"119","ONS","SIL",32.25655869,"broad","rxy",-0.000934368638845013
"120","ONS","SIN",567.9286912,"broad","rxy",-0.00189240945932922
"121","ONS","VP",82.59974933,"broad","rxy",-0.00250012289294884
"122","SALV","SALV",0,"broad","rxy",0.00773065972307476
"123","SALV","SES",490.0957515,"broad","rxy",0.00725606331930167
"124","SALV","SIL",43.14120018,"broad","rxy",0.00607338950371163
"125","SALV","SIN",571.3152408,"broad","rxy",0.00748730530096492
"126","SALV","VP",93.48439082,"broad","rxy",0.00388615504653832
"127","SES","SES",0,"broad","rxy",0.00319477746197709
"128","SES","SIL",454.6571,"broad","rxy",-4.54515314344146e-05
"129","SES","SIN",81.21948924,"broad","rxy",0.00729395810095997
"130","SES","VP",412.167751,"broad","rxy",0.00128380532466969
"131","SIL","SIL",0,"broad","rxy",0.00358699436389277
"132","SIL","SIN",535.8765892,"broad","rxy",-0.00580704073673726
"133","SIL","VP",50.34319064,"broad","rxy",-0.000512864866494682
"134","SIN","SIN",0,"broad","rxy",-0.00251936651587195
"135","SIN","VP",493.3872402,"broad","rxy",0.00129891056042435
"136","VP","VP",0,"broad","rxy",-0.00384192614233517
"137","CIESN","CIESN",0,"local","rxy",-0.00096150811479667
"138","CIESN","CIESS",3.584041834,"local","rxy",0.00210665852896368
"139","CIESN","COR",43.25984251,"local","rxy",-0.00470610579394264
"140","CIESN","COUSO",7.168144374,"local","rxy",-0.00360762907130335
"141","CIESN","GROVE",25.08885954,"local","rxy",-0.00614749813437924
"142","CIESN","ONS",17.92051274,"local","rxy",0.000595063889394527
"143","CIESN","SALV",28.80515423,"local","rxy",0.00276806384965753
"144","CIESN","SIL",14.33604595,"local","rxy",-0.00177601150033521
"145","CIESS","CIESS",0,"local","rxy",0.00459236237389417
"146","CIESS","COR",46.84388434,"local","rxy",-0.000582386363353007
"147","CIESS","COUSO",10.75218621,"local","rxy",0.00163495535488059
"148","CIESS","GROVE",28.67290137,"local","rxy",-0.00582746656229791
"149","CIESS","ONS",21.50455457,"local","rxy",0.00126241356058206
"150","CIESS","SALV",32.38919606,"local","rxy",0.0081920821919041
"151","CIESS","SIL",10.75200412,"local","rxy",0.00105756453817269
"152","COR","COR",0,"local","rxy",-0.0018267753084491
"153","COR","COUSO",36.09169814,"local","rxy",-0.00377198655653275
"154","COR","GROVE",18.17098297,"local","rxy",-0.000237382060020356
"155","COR","ONS",25.33932977,"local","rxy",-0.00258276084400948
"156","COR","SALV",14.46039884,"local","rxy",0.00353797323582997
"157","COR","SIL",57.59588846,"local","rxy",-0.00297458516574221
"158","COUSO","COUSO",0,"local","rxy",-0.00414164888686274
"159","COUSO","GROVE",17.92071516,"local","rxy",-0.00435790885543248
"160","COUSO","ONS",10.75236836,"local","rxy",-0.00193093416917043
"161","COUSO","SALV",21.63700985,"local","rxy",-5.28628570311149e-05
"162","COUSO","SIL",21.50419033,"local","rxy",-0.0015916865909316
"163","GROVE","GROVE",0,"local","rxy",-0.00558521960292121
"164","GROVE","ONS",7.168346802,"local","rxy",-0.00194679334438985
"165","GROVE","SALV",6.358447487,"local","rxy",0.00367207932118083
"166","GROVE","SIL",39.42490549,"local","rxy",-0.00196528178968344
"167","ONS","ONS",0,"local","rxy",0.00107804257596529
"168","ONS","SALV",10.88464149,"local","rxy",0.00236586197175807
"169","ONS","SIL",32.25655869,"local","rxy",-0.000934368638845013
"170","SALV","SALV",0,"local","rxy",0.00773065972307476
"171","SALV","SIL",43.14120018,"local","rxy",0.00607338950371163
"172","SIL","SIL",0,"local","rxy",0.00358699436389277
"173","AVE","AVE",0,"broad","wang",-0.00263797067027406
"174","AVE","BER",86.87749059,"broad","wang",-0.011473377819168
"175","AVE","CIESN",432.1654782,"broad","wang",-0.00735249677483175
"176","AVE","CIESS",428.6041424,"broad","wang",-0.00378170514840515
"177","AVE","COR",460.3267746,"broad","wang",-0.00570021589810435
"178","AVE","COUSO",439.2881763,"broad","wang",-0.00637398057209701
"179","AVE","ERI",44.3253858,"broad","wang",-0.00420651277218186
"180","AVE","ESPO",361.1973532,"broad","wang",-0.00131640201865677
"181","AVE","FIG",204.2569431,"broad","wang",-0.00446751696096192
"182","AVE","GROVE",457.0950764,"broad","wang",-0.00868255896496775
"183","AVE","ONS",449.9722897,"broad","wang",-0.00602927197617278
"184","AVE","SALV",453.3588392,"broad","wang",-0.00126997547123417
"185","AVE","SES",36.73691232,"broad","wang",-0.00394928615181964
"186","AVE","SIL",417.9201876,"broad","wang",-0.00821862145611247
"187","AVE","SIN",117.9564016,"broad","wang",-0.00206022448982666
"188","AVE","VP",375.4308387,"broad","wang",-0.0068272510466202
"189","BER","BER",0,"broad","wang",-0.0137857894015644
"190","BER","CIESN",345.2879877,"broad","wang",-0.00487135140512071
"191","BER","CIESS",341.7266518,"broad","wang",-0.00253328126794587
"192","BER","COR",373.449284,"broad","wang",-0.0067713707669778
"193","BER","COUSO",352.4106857,"broad","wang",-0.0108612301670137
"194","BER","ERI",50.5487865,"broad","wang",-0.00639424682823329
"195","BER","ESPO",274.3198626,"broad","wang",-0.00530800208326557
"196","BER","FIG",117.3794526,"broad","wang",-0.00295502579637701
"197","BER","GROVE",370.2175858,"broad","wang",-0.0107101336661751
"198","BER","ONS",363.0947991,"broad","wang",-0.00569143607273111
"199","BER","SALV",366.4813486,"broad","wang",-0.00536217660735011
"200","BER","SES",123.6144029,"broad","wang",-0.00500764351366472
"201","BER","SIL",331.0426971,"broad","wang",-0.0107165178255394
"202","BER","SIN",204.8338922,"broad","wang",-0.00783396303587569
"203","BER","VP",288.5533481,"broad","wang",-0.00596914178408464
"204","CIESN","CIESN",0,"broad","wang",-0.000422347096982553
"205","CIESN","CIESS",3.584041834,"broad","wang",-0.000158946790812064
"206","CIESN","COR",43.25984251,"broad","wang",-0.00509558833359266
"207","CIESN","COUSO",7.168144374,"broad","wang",-0.00496258746592677
"208","CIESN","ERI",388.099881,"broad","wang",-0.00685893582388551
"209","CIESN","ESPO",79.01390842,"broad","wang",-0.00371429171278899
"210","CIESN","FIG",229.338007,"broad","wang",0.00221737042727168
"211","CIESN","GROVE",25.08885954,"broad","wang",-0.00753724680336268
"212","CIESN","ONS",17.92051274,"broad","wang",0.00145277502284463
"213","CIESN","SALV",28.80515423,"broad","wang",-0.00149659215880446
"214","CIESN","SES",468.9023906,"broad","wang",2.34075017982837e-06
"215","CIESN","SIL",14.33604595,"broad","wang",-0.00574377352584676
"216","CIESN","SIN",550.1218798,"broad","wang",-0.00478086437416087
"217","CIESN","VP",64.67923659,"broad","wang",-0.00644235905231055
"218","CIESS","CIESS",0,"broad","wang",0.00374657663913493
"219","CIESS","COR",46.84388434,"broad","wang",-0.00159262604596782
"220","CIESS","COUSO",10.75218621,"broad","wang",-0.00120788252725905
"221","CIESS","ERI",384.5357119,"broad","wang",0.000937993655445002
"222","CIESS","ESPO",75.42986659,"broad","wang",0.0028039428730509
"223","CIESS","FIG",225.7539651,"broad","wang",0.00565395798731205
"224","CIESS","GROVE",28.67290137,"broad","wang",-0.00507611169415533
"225","CIESS","ONS",21.50455457,"broad","wang",0.00163637185774159
"226","CIESS","SALV",32.38919606,"broad","wang",0.00514965316210674
"227","CIESS","SES",465.3410548,"broad","wang",0.000772971915903718
"228","CIESS","SIL",10.75200412,"broad","wang",-0.00151428304172367
"229","CIESS","SIN",546.560544,"broad","wang",0.0009265274234379
"230","CIESS","VP",61.09519476,"broad","wang",-0.000577473178324841
"231","COR","COR",0,"broad","wang",-0.00142607105505896
"232","COR","COUSO",36.09169814,"broad","wang",-0.00467355205934006
"233","COR","ERI",416.2952876,"broad","wang",-0.00444198449027582
"234","COR","ESPO",122.2737509,"broad","wang",0.000182774618694944
"235","COR","FIG",272.5978495,"broad","wang",0.00092504164627204
"236","COR","GROVE",18.17098297,"broad","wang",-0.00335945932484847
"237","COR","ONS",25.33932977,"broad","wang",-0.00247839548849765
"238","COR","SALV",14.46039884,"broad","wang",0.00016645857243146
"239","COR","SES",497.0636869,"broad","wang",0.00198714740353632
"240","COR","SIL",57.59588846,"broad","wang",-0.0053048491123717
"241","COR","SIN",578.2831761,"broad","wang",-0.0014615015604819
"242","COR","VP",107.9390791,"broad","wang",-0.00348301115739878
"243","COUSO","COUSO",0,"broad","wang",-0.00625816452400253
"244","COUSO","ERI",395.2282498,"broad","wang",-0.00572505099900543
"245","COUSO","ESPO",86.1820528,"broad","wang",-0.00242367881808815
"246","COUSO","FIG",236.5061513,"broad","wang",-0.00143633077184213
"247","COUSO","GROVE",17.92071516,"broad","wang",-0.0065498847105449
"248","COUSO","ONS",10.75236836,"broad","wang",-0.00208453199809471
"249","COUSO","SALV",21.63700985,"broad","wang",-0.00290201693457027
"250","COUSO","SES",476.0250886,"broad","wang",-0.00116771048851032
"251","COUSO","SIL",21.50419033,"broad","wang",-0.00582569496455005
"252","COUSO","SIN",557.2445778,"broad","wang",-0.00827742598240337
"253","COUSO","VP",71.84738097,"broad","wang",-0.00462489153012228
"254","ERI","ERI",0,"broad","wang",0.000372977790303848
"255","ERI","ESPO",317.0697597,"broad","wang",0.0031079792547158
"256","ERI","FIG",160.012996,"broad","wang",-0.000841597918289739
"257","ERI","GROVE",413.0493519,"broad","wang",-0.00558445952399154
"258","ERI","ONS",405.9208801,"broad","wang",-0.00347429115105358
"259","ERI","SALV",409.3159594,"broad","wang",-0.00170952576603176
"260","ERI","SES",81.06229812,"broad","wang",-0.00298081183596751
"261","ERI","SIL",373.843266,"broad","wang",-0.00671116974896145
"262","ERI","SIN",162.2817874,"broad","wang",-0.00274944532118266
"263","ERI","VP",331.3144646,"broad","wang",-7.43673355949657e-05
"264","ESPO","ESPO",0,"broad","wang",0.00201175605525467
"265","ESPO","FIG",157.8730176,"broad","wang",0.00287198210650919
"266","ESPO","GROVE",104.102768,"broad","wang",-0.00487723643476864
"267","ESPO","ONS",96.93442116,"broad","wang",-0.00167191955282384
"268","ESPO","SALV",107.8190626,"broad","wang",0.00478766156760395
"269","ESPO","SES",397.9342655,"broad","wang",-0.000624168963007002
"270","ESPO","SIL",64.67786247,"broad","wang",-0.00251580991100498
"271","ESPO","SIN",479.1537548,"broad","wang",-0.0036719741833495
"272","ESPO","VP",14.33467183,"broad","wang",-0.00186423258333587
"273","FIG","FIG",0,"broad","wang",0.00341377300908313
"274","FIG","GROVE",254.4268665,"broad","wang",-0.000314351705666916
"275","FIG","ONS",247.2585197,"broad","wang",0.00170903234770105
"276","FIG","SALV",258.1431612,"broad","wang",0.00355056880909212
"277","FIG","SES",240.9938555,"broad","wang",0.00259791984861193
"278","FIG","SIL",215.001961,"broad","wang",-0.00365186712326488
"279","FIG","SIN",322.2133447,"broad","wang",-0.00310087543829093
"280","FIG","VP",172.1964231,"broad","wang",0.00115447694369948
"281","GROVE","GROVE",0,"broad","wang",-0.00721500850576951
"282","GROVE","ONS",7.168346802,"broad","wang",-0.00463993406641172
"283","GROVE","SALV",6.358447487,"broad","wang",-0.00116210442522736
"284","GROVE","SES",493.8319887,"broad","wang",-0.00149760549877883
"285","GROVE","SIL",39.42490549,"broad","wang",-0.00402024982874788
"286","GROVE","SIN",575.0514779,"broad","wang",-0.00801624023702243
"287","GROVE","VP",89.76809613,"broad","wang",-0.00318216017225507
"288","ONS","ONS",0,"broad","wang",0.0019525484073225
"289","ONS","SALV",10.88464149,"broad","wang",-0.00125387514826048
"290","ONS","SES",486.709202,"broad","wang",0.00241105702439639
"291","ONS","SIL",32.25655869,"broad","wang",-0.00449879820879183
"292","ONS","SIN",567.9286912,"broad","wang",-0.00418645947086124
"293","ONS","VP",82.59974933,"broad","wang",-0.0040790946270677
"294","SALV","SALV",0,"broad","wang",-0.000121973076828254
"295","SALV","SES",490.0957515,"broad","wang",0.00278135788852105
"296","SALV","SIL",43.14120018,"broad","wang",-0.00213566942896114
"297","SALV","SIN",571.3152408,"broad","wang",8.85616708039831e-05
"298","SALV","VP",93.48439082,"broad","wang",0.00123659602637758
"299","SES","SES",0,"broad","wang",0.00448297707850845
"300","SES","SIL",454.6571,"broad","wang",-0.00373735101597548
"301","SES","SIN",81.21948924,"broad","wang",0.000890770690420632
"302","SES","VP",412.167751,"broad","wang",-8.75164564830197e-05
"303","SIL","SIL",0,"broad","wang",-0.00409285066730874
"304","SIL","SIN",535.8765892,"broad","wang",-0.0103942266329337
"305","SIL","VP",50.34319064,"broad","wang",-0.00425340563805658
"306","SIN","SIN",0,"broad","wang",-0.00701517445608972
"307","SIN","VP",493.3872402,"broad","wang",-0.00338721062275196
"308","VP","VP",0,"broad","wang",-0.00357449807394265
"309","CIESN","CIESN",0,"local","wang",-0.000422347096982553
"310","CIESN","CIESS",3.584041834,"local","wang",-0.000158946790812064
"311","CIESN","COR",43.25984251,"local","wang",-0.00509558833359266
"312","CIESN","COUSO",7.168144374,"local","wang",-0.00496258746592677
"313","CIESN","GROVE",25.08885954,"local","wang",-0.00753724680336268
"314","CIESN","ONS",17.92051274,"local","wang",0.00145277502284463
"315","CIESN","SALV",28.80515423,"local","wang",-0.00149659215880446
"316","CIESN","SIL",14.33604595,"local","wang",-0.00574377352584676
"317","CIESS","CIESS",0,"local","wang",0.00374657663913493
"318","CIESS","COR",46.84388434,"local","wang",-0.00159262604596782
"319","CIESS","COUSO",10.75218621,"local","wang",-0.00120788252725905
"320","CIESS","GROVE",28.67290137,"local","wang",-0.00507611169415533
"321","CIESS","ONS",21.50455457,"local","wang",0.00163637185774159
"322","CIESS","SALV",32.38919606,"local","wang",0.00514965316210674
"323","CIESS","SIL",10.75200412,"local","wang",-0.00151428304172367
"324","COR","COR",0,"local","wang",-0.00142607105505896
"325","COR","COUSO",36.09169814,"local","wang",-0.00467355205934006
"326","COR","GROVE",18.17098297,"local","wang",-0.00335945932484847
"327","COR","ONS",25.33932977,"local","wang",-0.00247839548849765
"328","COR","SALV",14.46039884,"local","wang",0.00016645857243146
"329","COR","SIL",57.59588846,"local","wang",-0.0053048491123717
"330","COUSO","COUSO",0,"local","wang",-0.00625816452400253
"331","COUSO","GROVE",17.92071516,"local","wang",-0.0065498847105449
"332","COUSO","ONS",10.75236836,"local","wang",-0.00208453199809471
"333","COUSO","SALV",21.63700985,"local","wang",-0.00290201693457027
"334","COUSO","SIL",21.50419033,"local","wang",-0.00582569496455005
"335","GROVE","GROVE",0,"local","wang",-0.00721500850576951
"336","GROVE","ONS",7.168346802,"local","wang",-0.00463993406641172
"337","GROVE","SALV",6.358447487,"local","wang",-0.00116210442522736
"338","GROVE","SIL",39.42490549,"local","wang",-0.00402024982874788
"339","ONS","ONS",0,"local","wang",0.0019525484073225
"340","ONS","SALV",10.88464149,"local","wang",-0.00125387514826048
"341","ONS","SIL",32.25655869,"local","wang",-0.00449879820879183
"342","SALV","SALV",0,"local","wang",-0.000121973076828254
"343","SALV","SIL",43.14120018,"local","wang",-0.00213566942896114
"344","SIL","SIL",0,"local","wang",-0.00409285066730874
"345","AVE","AVE",0,"broad","lynchli",-0.00163347913117933
"346","AVE","BER",86.87749059,"broad","lynchli",-0.0194629329732965
"347","AVE","CIESN",432.1654782,"broad","lynchli",-0.00985865554949314
"348","AVE","CIESS",428.6041424,"broad","lynchli",-0.00256331501102192
"349","AVE","COR",460.3267746,"broad","lynchli",-0.00364928838837644
"350","AVE","COUSO",439.2881763,"broad","lynchli",-0.00705109447028421
"351","AVE","ERI",44.3253858,"broad","lynchli",-0.0102409284696963
"352","AVE","ESPO",361.1973532,"broad","lynchli",0.0013190142157373
"353","AVE","FIG",204.2569431,"broad","lynchli",0.000500132941944796
"354","AVE","GROVE",457.0950764,"broad","lynchli",-0.00993741554751374
"355","AVE","ONS",449.9722897,"broad","lynchli",-0.00627748944509277
"356","AVE","SALV",453.3588392,"broad","lynchli",0.003847281271533
"357","AVE","SES",36.73691232,"broad","lynchli",-0.00314686321462431
"358","AVE","SIL",417.9201876,"broad","lynchli",-0.00842304105056952
"359","AVE","SIN",117.9564016,"broad","lynchli",0.00193645197223675
"360","AVE","VP",375.4308387,"broad","lynchli",-0.00770448314804568
"361","BER","BER",0,"broad","lynchli",-0.0294626397088336
"362","BER","CIESN",345.2879877,"broad","lynchli",-0.0122089778130943
"363","BER","CIESS",341.7266518,"broad","lynchli",-0.00896091798742347
"364","BER","COR",373.449284,"broad","lynchli",-0.0123531480918483
"365","BER","COUSO",352.4106857,"broad","lynchli",-0.0185961876683312
"366","BER","ERI",50.5487865,"broad","lynchli",-0.0149056498531952
"367","BER","ESPO",274.3198626,"broad","lynchli",-0.0133008290667829
"368","BER","FIG",117.3794526,"broad","lynchli",-0.0070287977834566
"369","BER","GROVE",370.2175858,"broad","lynchli",-0.0190027665452235
"370","BER","ONS",363.0947991,"broad","lynchli",-0.0139607712522348
"371","BER","SALV",366.4813486,"broad","lynchli",-0.00616685765588981
"372","BER","SES",123.6144029,"broad","lynchli",-0.0102248937281025
"373","BER","SIL",331.0426971,"broad","lynchli",-0.0178633919078492
"374","BER","SIN",204.8338922,"broad","lynchli",-0.0125809175285733
"375","BER","VP",288.5533481,"broad","lynchli",-0.0139900134425679
"376","CIESN","CIESN",0,"broad","lynchli",-0.00379169191979429
"377","CIESN","CIESS",3.584041834,"broad","lynchli",0.0023078511202458
"378","CIESN","COR",43.25984251,"broad","lynchli",-0.00401278485522635
"379","CIESN","COUSO",7.168144374,"broad","lynchli",-0.0055881618636911
"380","CIESN","ERI",388.099881,"broad","lynchli",-0.00938197898070844
"381","CIESN","ESPO",79.01390842,"broad","lynchli",-0.00335355384311849
"382","CIESN","FIG",229.338007,"broad","lynchli",0.00539694836733546
"383","CIESN","GROVE",25.08885954,"broad","lynchli",-0.0102292262446519
"384","CIESN","ONS",17.92051274,"broad","lynchli",-0.000834652765693995
"385","CIESN","SALV",28.80515423,"broad","lynchli",0.00374877627167426
"386","CIESN","SES",468.9023906,"broad","lynchli",0.000350945257726762
"387","CIESN","SIL",14.33604595,"broad","lynchli",-0.00356898632226685
"388","CIESN","SIN",550.1218798,"broad","lynchli",-0.003162397894693
"389","CIESN","VP",64.67923659,"broad","lynchli",-0.00608783974497897
"390","CIESS","CIESS",0,"broad","lynchli",0.00787767664507227
"391","CIESS","COR",46.84388434,"broad","lynchli",0.00353992621007413
"392","CIESS","COUSO",10.75218621,"broad","lynchli",0.00225231278159867
"393","CIESS","ERI",384.5357119,"broad","lynchli",-0.00241753688882466
"394","CIESS","ESPO",75.42986659,"broad","lynchli",0.00703144271210009
"395","CIESS","FIG",225.7539651,"broad","lynchli",0.0108152028169547
"396","CIESS","GROVE",28.67290137,"broad","lynchli",-0.00731085866063741
"397","CIESS","ONS",21.50455457,"broad","lynchli",0.00315620132311642
"398","CIESS","SALV",32.38919606,"broad","lynchli",0.011920270035549
"399","CIESS","SES",465.3410548,"broad","lynchli",0.00505214589024118
"400","CIESS","SIL",10.75200412,"broad","lynchli",0.0021478346561738
"401","CIESS","SIN",546.560544,"broad","lynchli",0.0065559876824316
"402","CIESS","VP",61.09519476,"broad","lynchli",0.0016813116607251
"403","COR","COR",0,"broad","lynchli",0.00350567921906111
"404","COR","COUSO",36.09169814,"broad","lynchli",-0.00213014996971941
"405","COR","ERI",416.2952876,"broad","lynchli",-0.00584376194795892
"406","COR","ESPO",122.2737509,"broad","lynchli",0.00639721368510586
"407","COR","FIG",272.5978495,"broad","lynchli",0.00640519887752745
"408","COR","GROVE",18.17098297,"broad","lynchli",-0.000853208047030488
"409","COR","ONS",25.33932977,"broad","lynchli",0.000171569304660356
"410","COR","SALV",14.46039884,"broad","lynchli",0.00799912093004993
"411","COR","SES",497.0636869,"broad","lynchli",0.00554752292353143
"412","COR","SIL",57.59588846,"broad","lynchli",-0.000800983777817576
"413","COR","SIN",578.2831761,"broad","lynchli",0.00322206229797999
"414","COR","VP",107.9390791,"broad","lynchli",-0.00105661806242876
"415","COUSO","COUSO",0,"broad","lynchli",-0.00588334821882793
"416","COUSO","ERI",395.2282498,"broad","lynchli",-0.00949671409400818
"417","COUSO","ESPO",86.1820528,"broad","lynchli",0.00121086412640124
"418","COUSO","FIG",236.5061513,"broad","lynchli",0.00347433887030223
"419","COUSO","GROVE",17.92071516,"broad","lynchli",-0.00806354887948706
"420","COUSO","ONS",10.75236836,"broad","lynchli",-0.00241888445283627
"421","COUSO","SALV",21.63700985,"broad","lynchli",0.00138012899579751
"422","COUSO","SES",476.0250886,"broad","lynchli",-0.000166967373234438
"423","COUSO","SIL",21.50419033,"broad","lynchli",-0.0030409794071129
"424","COUSO","SIN",557.2445778,"broad","lynchli",-0.00421123100673656
"425","COUSO","VP",71.84738097,"broad","lynchli",-0.00414749617795523
"426","ERI","ERI",0,"broad","lynchli",-0.00741391324163563
"427","ERI","ESPO",317.0697597,"broad","lynchli",0.00032463930591717
"428","ERI","FIG",160.012996,"broad","lynchli",0.000383464572578399
"429","ERI","GROVE",413.0493519,"broad","lynchli",-0.00989779576348331
"430","ERI","ONS",405.9208801,"broad","lynchli",-0.00658817137953022
"431","ERI","SALV",409.3159594,"broad","lynchli",0.000305694331864102
"432","ERI","SES",81.06229812,"broad","lynchli",-0.00307348487041916
"433","ERI","SIL",373.843266,"broad","lynchli",-0.00778823935225766
"434","ERI","SIN",162.2817874,"broad","lynchli",-0.00318976515889984
"435","ERI","VP",331.3144646,"broad","lynchli",-0.00261508095834843
"436","ESPO","ESPO",0,"broad","lynchli",0.00692259276228309
"437","ESPO","FIG",157.8730176,"broad","lynchli",0.00876230572660536
"438","ESPO","GROVE",104.102768,"broad","lynchli",-0.00339369860055519
"439","ESPO","ONS",96.93442116,"broad","lynchli",0.00161314266275135
"440","ESPO","SALV",107.8190626,"broad","lynchli",0.0126383964697436
"441","ESPO","SES",397.9342655,"broad","lynchli",0.00308129277844282
"442","ESPO","SIL",64.67786247,"broad","lynchli",0.00198422285544576
"443","ESPO","SIN",479.1537548,"broad","lynchli",0.00163561809754841
"444","ESPO","VP",14.33467183,"broad","lynchli",0.00178696140823901
"445","FIG","FIG",0,"broad","lynchli",0.00980232727997518
"446","FIG","GROVE",254.4268665,"broad","lynchli",0.00138185969286744
"447","FIG","ONS",247.2585197,"broad","lynchli",0.00567658376074263
"448","FIG","SALV",258.1431612,"broad","lynchli",0.0139597397510193
"449","FIG","SES",240.9938555,"broad","lynchli",0.00898385645128326
"450","FIG","SIL",215.001961,"broad","lynchli",0.00123265881465084
"451","FIG","SIN",322.2133447,"broad","lynchli",0.00555652793707503
"452","FIG","VP",172.1964231,"broad","lynchli",0.00514620538427189
"453","GROVE","GROVE",0,"broad","lynchli",-0.0107676392980827
"454","GROVE","ONS",7.168346802,"broad","lynchli",-0.00462847811381905
"455","GROVE","SALV",6.358447487,"broad","lynchli",0.00365645080578769
"456","GROVE","SES",493.8319887,"broad","lynchli",-0.000869146381470275
"457","GROVE","SIL",39.42490549,"broad","lynchli",-0.00498234098054086
"458","GROVE","SIN",575.0514779,"broad","lynchli",-0.00600240908015704
"459","GROVE","VP",89.76809613,"broad","lynchli",-0.00385176934429653
"460","ONS","ONS",0,"broad","lynchli",0.000722405900025056
"461","ONS","SALV",10.88464149,"broad","lynchli",0.00486761381166616
"462","ONS","SES",486.709202,"broad","lynchli",0.00118987866493645
"463","ONS","SIL",32.25655869,"broad","lynchli",-0.00134473047912515
"464","ONS","SIN",567.9286912,"broad","lynchli",-0.00283941945736447
"465","ONS","VP",82.59974933,"broad","lynchli",-0.00334853990698619
"466","SALV","SALV",0,"broad","lynchli",0.0130981363385128
"467","SALV","SES",490.0957515,"broad","lynchli",0.0117136100903031
"468","SALV","SIL",43.14120018,"broad","lynchli",0.00807407912423481
"469","SALV","SIN",571.3152408,"broad","lynchli",0.00843803134745428
"470","SALV","VP",93.48439082,"broad","lynchli",0.00552757739670635
"471","SES","SES",0,"broad","lynchli",0.00771129585168929
"472","SES","SIL",454.6571,"broad","lynchli",0.00185179610824854
"473","SES","SIN",81.21948924,"broad","lynchli",0.00752714513521438
"474","SES","VP",412.167751,"broad","lynchli",0.00212713585916405
"475","SIL","SIL",0,"broad","lynchli",0.00320063373732764
"476","SIL","SIN",535.8765892,"broad","lynchli",-0.00817548677782358
"477","SIL","VP",50.34319064,"broad","lynchli",-0.00193637839242986
"478","SIN","SIN",0,"broad","lynchli",-0.00560746857603924
"479","SIN","VP",493.3872402,"broad","lynchli",-0.00131806717554173
"480","VP","VP",0,"broad","lynchli",-0.00558327701013862
"481","CIESN","CIESN",0,"local","lynchli",-0.00379169191979429
"482","CIESN","CIESS",3.584041834,"local","lynchli",0.0023078511202458
"483","CIESN","COR",43.25984251,"local","lynchli",-0.00401278485522635
"484","CIESN","COUSO",7.168144374,"local","lynchli",-0.0055881618636911
"485","CIESN","GROVE",25.08885954,"local","lynchli",-0.0102292262446519
"486","CIESN","ONS",17.92051274,"local","lynchli",-0.000834652765693995
"487","CIESN","SALV",28.80515423,"local","lynchli",0.00374877627167426
"488","CIESN","SIL",14.33604595,"local","lynchli",-0.00356898632226685
"489","CIESS","CIESS",0,"local","lynchli",0.00787767664507227
"490","CIESS","COR",46.84388434,"local","lynchli",0.00353992621007413
"491","CIESS","COUSO",10.75218621,"local","lynchli",0.00225231278159867
"492","CIESS","GROVE",28.67290137,"local","lynchli",-0.00731085866063741
"493","CIESS","ONS",21.50455457,"local","lynchli",0.00315620132311642
"494","CIESS","SALV",32.38919606,"local","lynchli",0.011920270035549
"495","CIESS","SIL",10.75200412,"local","lynchli",0.0021478346561738
"496","COR","COR",0,"local","lynchli",0.00350567921906111
"497","COR","COUSO",36.09169814,"local","lynchli",-0.00213014996971941
"498","COR","GROVE",18.17098297,"local","lynchli",-0.000853208047030488
"499","COR","ONS",25.33932977,"local","lynchli",0.000171569304660356
"500","COR","SALV",14.46039884,"local","lynchli",0.00799912093004993
"501","COR","SIL",57.59588846,"local","lynchli",-0.000800983777817576
"502","COUSO","COUSO",0,"local","lynchli",-0.00588334821882793
"503","COUSO","GROVE",17.92071516,"local","lynchli",-0.00806354887948706
"504","COUSO","ONS",10.75236836,"local","lynchli",-0.00241888445283627
"505","COUSO","SALV",21.63700985,"local","lynchli",0.00138012899579751
"506","COUSO","SIL",21.50419033,"local","lynchli",-0.0030409794071129
"507","GROVE","GROVE",0,"local","lynchli",-0.0107676392980827
"508","GROVE","ONS",7.168346802,"local","lynchli",-0.00462847811381905
"509","GROVE","SALV",6.358447487,"local","lynchli",0.00365645080578769
"510","GROVE","SIL",39.42490549,"local","lynchli",-0.00498234098054086
"511","ONS","ONS",0,"local","lynchli",0.000722405900025056
"512","ONS","SALV",10.88464149,"local","lynchli",0.00486761381166616
"513","ONS","SIL",32.25655869,"local","lynchli",-0.00134473047912515
"514","SALV","SALV",0,"local","lynchli",0.0130981363385128
"515","SALV","SIL",43.14120018,"local","lynchli",0.00807407912423481
"516","SIL","SIL",0,"local","lynchli",0.00320063373732764
"517","AVE","AVE",0,"broad","lxy",0.0024660508486116
"518","AVE","BER",86.87749059,"broad","lxy",-0.00186231673476779
"519","AVE","CIESN",432.1654782,"broad","lxy",-0.00303171796896057
"520","AVE","CIESS",428.6041424,"broad","lxy",-0.00226886322907485
"521","AVE","COR",460.3267746,"broad","lxy",-0.00289808691598456
"522","AVE","COUSO",439.2881763,"broad","lxy",-0.000930747368398973
"523","AVE","ERI",44.3253858,"broad","lxy",-0.00206229113358951
"524","AVE","ESPO",361.1973532,"broad","lxy",-0.000731897026330128
"525","AVE","FIG",204.2569431,"broad","lxy",-0.00399838100137706
"526","AVE","GROVE",457.0950764,"broad","lxy",-0.00283588662471558
"527","AVE","ONS",449.9722897,"broad","lxy",-0.00337130911252752
"528","AVE","SALV",453.3588392,"broad","lxy",-0.00225328560740514
"529","AVE","SES",36.73691232,"broad","lxy",-0.00210222226089392
"530","AVE","SIL",417.9201876,"broad","lxy",-0.00259440272294198
"531","AVE","SIN",117.9564016,"broad","lxy",0.00104666251846566
"532","AVE","VP",375.4308387,"broad","lxy",-0.00195510473712409
"533","BER","BER",0,"broad","lxy",-0.00299560856315127
"534","BER","CIESN",345.2879877,"broad","lxy",-0.00119927488010602
"535","BER","CIESS",341.7266518,"broad","lxy",-0.000707180546614907
"536","BER","COR",373.449284,"broad","lxy",-0.000920366777158693
"537","BER","COUSO",352.4106857,"broad","lxy",-0.0023465476196346
"538","BER","ERI",50.5487865,"broad","lxy",-0.00162003477749889
"539","BER","ESPO",274.3198626,"broad","lxy",-0.00312919731909854
"540","BER","FIG",117.3794526,"broad","lxy",-0.000554231416277526
"541","BER","GROVE",370.2175858,"broad","lxy",-0.00190582588937778
"542","BER","ONS",363.0947991,"broad","lxy",-0.002311189165784
"543","BER","SALV",366.4813486,"broad","lxy",-0.00270447128070655
"544","BER","SES",123.6144029,"broad","lxy",-0.0033452600884244
"545","BER","SIL",331.0426971,"broad","lxy",-0.002551103640279
"546","BER","SIN",204.8338922,"broad","lxy",-0.000609203563901787
"547","BER","VP",288.5533481,"broad","lxy",-0.00195374015527659
"548","CIESN","CIESN",0,"broad","lxy",0.000165463800357237
"549","CIESN","CIESS",3.584041834,"broad","lxy",-0.002254744915801
"550","CIESN","COR",43.25984251,"broad","lxy",-0.00360363235994806
"551","CIESN","COUSO",7.168144374,"broad","lxy",-0.00192023053617158
"552","CIESN","ERI",388.099881,"broad","lxy",-0.00228866937672974
"553","CIESN","ESPO",79.01390842,"broad","lxy",-0.00293881951847274
"554","CIESN","FIG",229.338007,"broad","lxy",-0.00061288017066056
"555","CIESN","GROVE",25.08885954,"broad","lxy",-0.00304361625423768
"556","CIESN","ONS",17.92051274,"broad","lxy",-0.000487014568981521
"557","CIESN","SALV",28.80515423,"broad","lxy",-0.00156340698753133
"558","CIESN","SES",468.9023906,"broad","lxy",-0.00204166653549055
"559","CIESN","SIL",14.33604595,"broad","lxy",-0.00277591855069781
"560","CIESN","SIN",550.1218798,"broad","lxy",-0.00133023557417231
"561","CIESN","VP",64.67923659,"broad","lxy",-0.00326775791415047
"562","CIESS","CIESS",0,"broad","lxy",-0.00075059640847728
"563","CIESS","COR",46.84388434,"broad","lxy",-0.00284478559913828
"564","CIESS","COUSO",10.75218621,"broad","lxy",-0.00189650902919734
"565","CIESS","ERI",384.5357119,"broad","lxy",-0.00082315309560226
"566","CIESS","ESPO",75.42986659,"broad","lxy",-0.00151778237618765
"567","CIESS","FIG",225.7539651,"broad","lxy",-6.69886431074794e-05
"568","CIESS","GROVE",28.67290137,"broad","lxy",-0.0043840362265011
"569","CIESS","ONS",21.50455457,"broad","lxy",-0.00142620688618039
"570","CIESS","SALV",32.38919606,"broad","lxy",-0.00142584783982209
"571","CIESS","SES",465.3410548,"broad","lxy",-0.00262530001791925
"572","CIESS","SIL",10.75200412,"broad","lxy",-0.00164436348715798
"573","CIESS","SIN",546.560544,"broad","lxy",-0.000513733867100521
"574","CIESS","VP",61.09519476,"broad","lxy",-0.00268337902683089
"575","COR","COR",0,"broad","lxy",-0.000373057604204777
"576","COR","COUSO",36.09169814,"broad","lxy",-0.00137206304924716
"577","COR","ERI",416.2952876,"broad","lxy",-0.00329512310470878
"578","COR","ESPO",122.2737509,"broad","lxy",-0.00187158925651711
"579","COR","FIG",272.5978495,"broad","lxy",-0.00338521652477216
"580","COR","GROVE",18.17098297,"broad","lxy",-0.000785809167297985
"581","COR","ONS",25.33932977,"broad","lxy",-0.00162486800427479
"582","COR","SALV",14.46039884,"broad","lxy",-0.0019617092471534
"583","COR","SES",497.0636869,"broad","lxy",-0.000277325583726025
"584","COR","SIL",57.59588846,"broad","lxy",-0.00193908592289064
"585","COR","SIN",578.2831761,"broad","lxy",-0.00195658833786749
"586","COR","VP",107.9390791,"broad","lxy",-0.00119530226912485
"587","COUSO","COUSO",0,"broad","lxy",-5.65981918081555e-05
"588","COUSO","ERI",395.2282498,"broad","lxy",-0.00244276662233825
"589","COUSO","ESPO",86.1820528,"broad","lxy",-0.00207918376853448
"590","COUSO","FIG",236.5061513,"broad","lxy",-0.00161351737076271
"591","COUSO","GROVE",17.92071516,"broad","lxy",-0.00237261149058296
"592","COUSO","ONS",10.75236836,"broad","lxy",-0.0017188239596372
"593","COUSO","SALV",21.63700985,"broad","lxy",-0.00306776283452772
"594","COUSO","SES",476.0250886,"broad","lxy",-0.00214329809120515
"595","COUSO","SIL",21.50419033,"broad","lxy",-0.00231036987121047
"596","COUSO","SIN",557.2445778,"broad","lxy",-0.00176053811342598
"597","COUSO","VP",71.84738097,"broad","lxy",-0.00413425787068264
"598","ERI","ERI",0,"broad","lxy",0.00202634521061087
"599","ERI","ESPO",317.0697597,"broad","lxy",-0.000268210963135514
"600","ERI","FIG",160.012996,"broad","lxy",-0.00290456149884859
"601","ERI","GROVE",413.0493519,"broad","lxy",-0.0017615236710291
"602","ERI","ONS",405.9208801,"broad","lxy",-0.0035144335228682
"603","ERI","SALV",409.3159594,"broad","lxy",-0.00350259711194357
"604","ERI","SES",81.06229812,"broad","lxy",-0.00325107660819268
"605","ERI","SIL",373.843266,"broad","lxy",-0.00271139227323228
"606","ERI","SIN",162.2817874,"broad","lxy",-0.00218118033954179
"607","ERI","VP",331.3144646,"broad","lxy",0.000449802227958524
"608","ESPO","ESPO",0,"broad","lxy",0.000393314907259743
"609","ESPO","FIG",157.8730176,"broad","lxy",-0.00176348255869097
"610","ESPO","GROVE",104.102768,"broad","lxy",-0.00240106918498603
"611","ESPO","ONS",96.93442116,"broad","lxy",-0.0035046443303501
"612","ESPO","SALV",107.8190626,"broad","lxy",-0.000560747656787513
"613","ESPO","SES",397.9342655,"broad","lxy",-0.00310584290364732
"614","ESPO","SIL",64.67786247,"broad","lxy",-0.000513824925522982
"615","ESPO","SIN",479.1537548,"broad","lxy",-0.00297510116533274
"616","ESPO","VP",14.33467183,"broad","lxy",-0.00123327202022937
"617","FIG","FIG",0,"broad","lxy",-0.00170336513409001
"618","FIG","GROVE",254.4268665,"broad","lxy",-0.00131162262445543
"619","FIG","ONS",247.2585197,"broad","lxy",-0.0013397628120848
"620","FIG","SALV",258.1431612,"broad","lxy",-0.00167513204542559
"621","FIG","SES",240.9938555,"broad","lxy",-0.00223360472853035
"622","FIG","SIL",215.001961,"broad","lxy",-0.00314030600594647
"623","FIG","SIN",322.2133447,"broad","lxy",-0.0021164920566679
"624","FIG","VP",172.1964231,"broad","lxy",-0.0012477421623848
"625","GROVE","GROVE",0,"broad","lxy",-0.0020085380397805
"626","GROVE","ONS",7.168346802,"broad","lxy",-0.00162982482845049
"627","GROVE","SALV",6.358447487,"broad","lxy",-0.000427265077022916
"628","GROVE","SES",493.8319887,"broad","lxy",-0.00225412922671257
"629","GROVE","SIL",39.42490549,"broad","lxy",-0.00108490907990018
"630","GROVE","SIN",575.0514779,"broad","lxy",-0.00371254209761872
"631","GROVE","VP",89.76809613,"broad","lxy",-0.00100395149314588
"632","ONS","ONS",0,"broad","lxy",-0.00227812605194185
"633","ONS","SALV",10.88464149,"broad","lxy",-0.00245106871584018
"634","ONS","SES",486.709202,"broad","lxy",-0.00116718744666827
"635","ONS","SIL",32.25655869,"broad","lxy",-0.00154513386067482
"636","ONS","SIN",567.9286912,"broad","lxy",-0.0023414281240301
"637","ONS","VP",82.59974933,"broad","lxy",-0.00193737036493981
"638","SALV","SALV",0,"broad","lxy",-0.00250530114746776
"639","SALV","SES",490.0957515,"broad","lxy",-0.00166653452326846
"640","SALV","SIL",43.14120018,"broad","lxy",-0.0012565270816087
"641","SALV","SIN",571.3152408,"broad","lxy",-5.30261861218126e-05
"642","SALV","VP",93.48439082,"broad","lxy",-0.00243051226683304
"643","SES","SES",0,"broad","lxy",0.00112601971009935
"644","SES","SIL",454.6571,"broad","lxy",-0.00179137878484307
"645","SES","SIN",81.21948924,"broad","lxy",-0.00203511219870651
"646","SES","VP",412.167751,"broad","lxy",-0.00243947636073667
"647","SIL","SIL",0,"broad","lxy",-0.000122064186150352
"648","SIL","SIN",535.8765892,"broad","lxy",-0.004923031586468
"649","SIL","VP",50.34319064,"broad","lxy",-0.00356362249815586
"650","SIN","SIN",0,"broad","lxy",-0.00216170391876835
"651","SIN","VP",493.3872402,"broad","lxy",-0.00176472406689883
"652","VP","VP",0,"broad","lxy",-0.000453509942056372
"653","CIESN","CIESN",0,"local","lxy",0.000165463800357237
"654","CIESN","CIESS",3.584041834,"local","lxy",-0.002254744915801
"655","CIESN","COR",43.25984251,"local","lxy",-0.00360363235994806
"656","CIESN","COUSO",7.168144374,"local","lxy",-0.00192023053617158
"657","CIESN","GROVE",25.08885954,"local","lxy",-0.00304361625423768
"658","CIESN","ONS",17.92051274,"local","lxy",-0.000487014568981521
"659","CIESN","SALV",28.80515423,"local","lxy",-0.00156340698753133
"660","CIESN","SIL",14.33604595,"local","lxy",-0.00277591855069781
"661","CIESS","CIESS",0,"local","lxy",-0.00075059640847728
"662","CIESS","COR",46.84388434,"local","lxy",-0.00284478559913828
"663","CIESS","COUSO",10.75218621,"local","lxy",-0.00189650902919734
"664","CIESS","GROVE",28.67290137,"local","lxy",-0.0043840362265011
"665","CIESS","ONS",21.50455457,"local","lxy",-0.00142620688618039
"666","CIESS","SALV",32.38919606,"local","lxy",-0.00142584783982209
"667","CIESS","SIL",10.75200412,"local","lxy",-0.00164436348715798
"668","COR","COR",0,"local","lxy",-0.000373057604204777
"669","COR","COUSO",36.09169814,"local","lxy",-0.00137206304924716
"670","COR","GROVE",18.17098297,"local","lxy",-0.000785809167297985
"671","COR","ONS",25.33932977,"local","lxy",-0.00162486800427479
"672","COR","SALV",14.46039884,"local","lxy",-0.0019617092471534
"673","COR","SIL",57.59588846,"local","lxy",-0.00193908592289064
"674","COUSO","COUSO",0,"local","lxy",-5.65981918081555e-05
"675","COUSO","GROVE",17.92071516,"local","lxy",-0.00237261149058296
"676","COUSO","ONS",10.75236836,"local","lxy",-0.0017188239596372
"677","COUSO","SALV",21.63700985,"local","lxy",-0.00306776283452772
"678","COUSO","SIL",21.50419033,"local","lxy",-0.00231036987121047
"679","GROVE","GROVE",0,"local","lxy",-0.0020085380397805
"680","GROVE","ONS",7.168346802,"local","lxy",-0.00162982482845049
"681","GROVE","SALV",6.358447487,"local","lxy",-0.000427265077022916
"682","GROVE","SIL",39.42490549,"local","lxy",-0.00108490907990018
"683","ONS","ONS",0,"local","lxy",-0.00227812605194185
"684","ONS","SALV",10.88464149,"local","lxy",-0.00245106871584018
"685","ONS","SIL",32.25655869,"local","lxy",-0.00154513386067482
"686","SALV","SALV",0,"local","lxy",-0.00250530114746776
"687","SALV","SIL",43.14120018,"local","lxy",-0.0012565270816087
"688","SIL","SIL",0,"local","lxy",-0.000122064186150352
